id,first_name,last_name,email,gender
1,Tomi,Brooke,tbrooke0@wired.com,Female
2,Lenore,Egentan,legentan1@fda.gov,Female
3,Esta,Palatino,epalatino2@sphinn.com,Female
4,Wanda,Tomasutti,wtomasutti3@imdb.com,Female
5,Tandy,Sleicht,tsleicht4@independent.co.uk,Female
6,Giorgia,Potts,gpotts5@goo.gl,Female
7,Stanwood,Iacomettii,siacomettii6@utexas.edu,Male
8,Dulcine,Nathon,dnathon7@nature.com,Female
9,Elfrida,Edkins,eedkins8@google.co.jp,Female
10,Samuel,Billo,sbillo9@omniture.com,Male
11,Greggory,Romayne,gromaynea@wikipedia.org,Male
12,Sophie,Whysall,swhysallb@sohu.com,Female
13,Robin,McLise,rmclisec@webs.com,Male
14,Virgina,Tollerfield,vtollerfieldd@webeden.co.uk,Female
15,Bryn,Muckersie,bmuckersiee@posterous.com,Female
16,Barrie,Iorizzo,biorizzof@accuweather.com,Male
17,Michel,Laneham,mlanehamg@pinterest.com,Male
18,Alford,Ipsly,aipslyh@ifeng.com,Male
19,Dolf,Tuke,dtukei@squidoo.com,Male
20,Collin,Tattersill,ctattersillj@yellowpages.com,Male
21,Kellyann,Cuseck,kcuseckk@discovery.com,Female
22,Dacy,Garmans,dgarmansl@deviantart.com,Female
23,Lewiss,Spires,lspiresm@nhs.uk,Male
24,Saul,Houlison,shoulisonn@wiley.com,Male
25,Decca,Nisco,dniscoo@free.fr,Male
26,Upton,Hannant,uhannantp@wp.com,Male
27,Cchaddie,Carleman,ccarlemanq@msu.edu,Male
28,Babita,Marland,bmarlandr@amazon.co.uk,Female
29,Selle,Spain,sspains@amazon.co.jp,Female
30,Jasen,Bartoli,jbartolit@dot.gov,Male
31,Oby,Goudard,ogoudardu@seesaa.net,Male
32,Mickey,Punyer,mpunyerv@i2i.jp,Male
33,Addison,Callander,acallanderw@chron.com,Male
34,Otto,McArtan,omcartanx@newyorker.com,Male
35,Kendrick,Sallan,ksallany@creativecommons.org,Male
36,Norry,Gierhard,ngierhardz@whitehouse.gov,Male
37,Carmen,Dunsire,cdunsire10@apache.org,Female
38,Elnar,Drowsfield,edrowsfield11@edublogs.org,Male
39,Hayyim,Haldene,hhaldene12@blogspot.com,Male
40,Joyce,Chalfont,jchalfont13@theatlantic.com,Female
41,Arne,Swinden,aswinden14@google.it,Male
42,Lise,Coughan,lcoughan15@howstuffworks.com,Female
43,Giacomo,Aitken,gaitken16@t-online.de,Male
44,Haley,Rao,hrao17@etsy.com,Female
45,Nels,Haglington,nhaglington18@netscape.com,Male
46,Jeremiah,Camamill,jcamamill19@slashdot.org,Male
47,Sidney,Dyett,sdyett1a@spiegel.de,Male
48,Harald,Bonafacino,hbonafacino1b@facebook.com,Male
49,Nonnah,Phidgin,nphidgin1c@who.int,Female
50,Edgardo,Kedge,ekedge1d@hibu.com,Male
51,Danie,Lafontaine,dlafontaine1e@hao123.com,Male
52,Myrtia,Ainslie,mainslie1f@umn.edu,Female
53,Hillyer,Edinburough,hedinburough1g@cornell.edu,Male
54,Tadeas,Nys,tnys1h@deviantart.com,Male
55,Tannie,Boxen,tboxen1i@blogs.com,Male
56,Cherilyn,Royl,croyl1j@ezinearticles.com,Female
57,Dean,Trower,dtrower1k@booking.com,Male
58,Ola,Steane,osteane1l@google.com.au,Female
59,Lani,Andrini,landrini1m@pinterest.com,Female
60,Bernetta,Leaf,bleaf1n@sourceforge.net,Female
61,Daniele,Champneys,dchampneys1o@exblog.jp,Female
62,Lorilyn,Gathercoal,lgathercoal1p@nytimes.com,Female
63,Anthe,Irwin,airwin1q@deliciousdays.com,Female
64,Loralie,Mullins,lmullins1r@diigo.com,Female
65,Lethia,Heeron,lheeron1s@myspace.com,Female
66,Valle,McArdell,vmcardell1t@eventbrite.com,Male
67,Sky,Hanner,shanner1u@so-net.ne.jp,Male
68,Rosemarie,Macconachy,rmacconachy1v@si.edu,Female
69,Edith,Spoure,espoure1w@wordpress.com,Female
70,Kellen,Clayill,kclayill1x@godaddy.com,Female
71,Afton,Flemyng,aflemyng1y@wufoo.com,Female
72,Biddie,Bushell,bbushell1z@bandcamp.com,Female
73,Randi,Lacky,rlacky20@businessweek.com,Male
74,Tally,Cottam,tcottam21@home.pl,Male
75,Stacy,Baldry,sbaldry22@disqus.com,Male
76,Rabi,Cluley,rcluley23@cdc.gov,Male
77,Jaye,Burtwistle,jburtwistle24@go.com,Male
78,Yancy,Alanbrooke,yalanbrooke25@rambler.ru,Male
79,Molli,Senten,msenten26@deviantart.com,Female
80,Katee,Guwer,kguwer27@reverbnation.com,Female
81,Keary,Gipp,kgipp28@adobe.com,Male
82,Von,Predohl,vpredohl29@exblog.jp,Male
83,Gui,Runacres,grunacres2a@bandcamp.com,Female
84,Atlanta,MacCrann,amaccrann2b@ed.gov,Female
85,Lindi,Von Der Empten,lvonderempten2c@sina.com.cn,Female
86,Roley,Pozer,rpozer2d@admin.ch,Male
87,Selig,Whieldon,swhieldon2e@biblegateway.com,Male
88,Vidovik,Olver,volver2f@usda.gov,Male
89,Lezley,Shambrooke,lshambrooke2g@myspace.com,Male
90,Evelin,Lowde,elowde2h@walmart.com,Male
91,Judy,Signori,jsignori2i@google.fr,Female
92,Abdul,Koubu,akoubu2j@surveymonkey.com,Male
93,Roosevelt,Feakins,rfeakins2k@theguardian.com,Male
94,Darya,Croix,dcroix2l@gizmodo.com,Female
95,Maureen,Deeman,mdeeman2m@arstechnica.com,Female
96,Lonni,Allcoat,lallcoat2n@qq.com,Female
97,Giles,Borgne,gborgne2o@multiply.com,Male
98,Chandler,Creagh,ccreagh2p@scribd.com,Male
99,Branden,Roberto,broberto2q@yale.edu,Male
100,Corbett,Dogg,cdogg2r@blogspot.com,Male
